N,"당신의 의기는 높게 사지만, 만약 당신의 팀이 러시아와 교전 중 문제(상해, 사망 특히 포로)가 생길 시 당신 팀이 우리나라를 외교적으로 굉장히 어려운 상황에 빠지게 만들 수 있습니다. 당신과 당신 팀의 이기적 마음으로 나라에 해를 끼치게 만드는건 분명 문제가 있는 행동입니다."
P,과거에 특전사 출신이 시리아에서 3년간 실전에서 전투한 경험이 있다 한국에 와서 여권 몰수 당했다 전쟁이후 한국에 돌아오면 벌금 및 처벌을 받겠지만 살아서 돌아 온다면 영웅이 될것
N,왜..감?? 한국 정부의 승인이 안 난 상태에서 참전을 하면 어떡하냐. 만약 러시아군 사살하면 러시아 입장에서는 한국이 자국 군인을 상대로 총을 겨누고 죽인거므로 적대국가 선포 및 전쟁이다. 아무리 우크라이나가 안타까워도 우리는 러시아군과 싸울 수 있는 권리가 없음.
N,나간다 공항에서 찍고 가네 저게 어딜봐서 비공식이냐 법을 대놓고 어기냐 가지말라고 위험하다고 금지햇다면 돕고싶어도 못가는거야 법이 왜잇는데 죱같은법이래도 어기면 나라 질서를 더 망치는거라고 저들이 가서 잡히면 어떻하지?? 법을어겨서 갓는데 구해줘야지 협상해야지 별 🐕고생을 해야한다고 절차대로 해야지 만일 저들로 인해 우크라 한국인들이 피해본다면 누가 책임질것이냐 생각들좀 해라 도와준다?? 가서 싸우는것만 생각하냐 도움을 줄수잇는것들 대가리만 굴려도 겁나 많아 저들땜에 우크라 한국인들 우리나라 까지 피해볼수 잇다는 그런것도 생각해
P,"신념과 용기, 희생정신이 없이는 하기 어려운 행동이다. 무사히 돌아오기를 빈다. 미국도 수천 명의 전역군인들이 지원했다.우크라이나 국민들은 죽음의 공포와 절망, 추위와 배고픔에 떨고 있다. 자유민주주의와 그들의 생존을 위해 무언가 할 수 있다면 해야한다. 아무것도 못하는 나자신도 부끄럽다. 정부는 1천만달러 지원했다. 일본은 2억달러 지원한다. 우리나라 경제력 수준에서 부끄럽기 그지없다. 생색만 내는 거다. 남의 고통에 눈감고 내일이 아니라고 생각하다가 정작 우리가 당할 때 누구에게 도움을 요청할 수 있을까?"
N,"국가적인 입장에서 여행금지 때려놨고, 러시아가 지금 하고 있는거 자체가 국제법위반인이고 심지어 개인신분으로 참여라 문제 될 것도 없고 애초에 러시아 개짓거리 해대서 국제법 성립자체가 안되는데 응원은 못할망정 이상한 소리를 해대노..푸틴 하는 짓거리를 봐라~ 공산당 중국 벨라루스 북한 이런대 빼고 누가 편들어주냐? 외국인 개인신분으로 참여한 나라들 빌미로 싸울려면 전세계랑 맞장떠야 하는데 과대망상도 적당히 하고 응원이나 하면서 부정선거나 쳐 잡자"
N,비밀리에 다녀와야 그만한 성과도 더 얻을 수 있을것을 지 스스로 까발려서 타겟이 되어 출발하는건 무슨 전술이야? 군사전문가라며? 몸만 전문가고 머리는 돌이니? 아무리 생각해도 이해가 안되네. 저런 돌머리로 무슨 전술전문가니 군사전문가니 치장을 하는거냐. 허세꾼이여 뭐여. 허경영 군인버전이냐?
N,"정부 허가없이 방문하거나 체류할 경우 <<<--- 이 말은 '허가를 받으면 갈 수 있다' 라는 얘기고, 공식적으로 누구누구 간다고 발표는 못해도 (의용군을 명단 공개하고 보내는 미친 나라는 없다. 다 죽으라고 명단 공개하냐?) 뒤로는 얼마든지 갈 수 있는 개구멍이 있다는 얘긴데 그새를 못참고 무작정 법 어겨가면서 나가는건 행동하는 지성이 아니라 생각은 없고 몸만 쓸줄 아는 머저리라는 뜻이다. 적법하게 절차 거쳐서 가고, 조용히 다녀왔으면 더 좋았잖아. 가는건 뭐하러 밝혀? 러시아 애들한테 타겟이 누구다~ 라고 광고하니?"
N,하..한국이 그동안 의용군 안 보낸게 러시아한테 빌미를 잡히지 않기 위해서 그런건데 만약 이 일로 빌미가 잡히면 그건 외교적으로 심각한 상황이 초래할거임 그 벌은 이근이 모두 책임져야 할거고 아마 이근은 상상을 초월할 비난과 비판을 면치 못할거임일단 응원은 하고 의도는 좋고 다 좋은데 조금 생각이 부족하지 않았나 생각함 비밀리에 갔다 와도 정말 초유의 사건인데 sns에 글까지 올리고 갔다는건 이것까지 생각을 하지 못했나 봄
N,도대체 이걸 왜 칭찬하는거야ㅎㅎ 가서 총쏘지도 않겠지만 가기전에 떠벌리는것도 웃기고 가서 포로되면? 그거 누가 협상하고 누구돈 들어가는데??? 그리고 러시아가 한국이 참여했다고 딴지걸로 난리치면?? 가지말라면 가지마ㅡㅡ 돌아오면 강력하게 처벌 받아라
P,아가리파이터인지 아닌지는 스스로 증명하는거.. 그리고 6.25지원 받았던 우리나라가 해외로 의용군 나가는걸 국내법으로 막아놓고 처벌 운운하는건 잘 못 됐다고 생각한다.. 물론 아무나 나가는건 막아야하는건 맞지만..전직 군인출신중 진짜 뜻이 있는 사람은 본인 확인서 받고 출국 허가해줘라
N,정상적인 댓글이 몇 없네.. 만에 하나라도 참전했다가 러시아군에 포로로 잡히게 되면 개인의 문제가 되는 게 아니라 국가 대 국가 문제로 비화된다. 나 혼자 책임지겠다고 백날 얘기해봐야 이근 국적이 한국이라면 얘기가 달라진다. 본인 행동에 대한 책임을 혼자 지고 싶다고 얘기해봐야 씨알도 먹히지 않는 이야기다.
N,지가 책임질거라고 무모하게 가서 혹시 문제생기면이러지도 저러지도 못할 애매한 상황이 만약 생긴다면 그땐 국가욕할래!? 지가 뭐라도 된마냥 히어로병 도져서 진정 애국이라면 나라의 명령을 따라서 제대로 일을해야지 어디서 sns질하면서 여론을 만들어 무모하고 또 무모한 사람이 아닌가
P,"이근 대위 응원합니다. 본인이 위법한 일은 책임도 지겠다고 나갔는데 현행법 위법 운운하며 까는 사람들은... 도대체 뭐지... UN군 지원으로 공산화가 안된 우리나라에서 이치에 안맞는 일이라 생각됨. 정부 공식 파병도 아니고 민간 의용군인데... 그걸 까고 대깨문, 찢재명 지지자들은 중국, 북한, 러시아 눈치 보느라 정신없나? 중국, 러시아가 부정선거 도와줘야 해서 그런가?"
N,여권법 제17조와 제26조에 따르면 방문 및 체류가 금지된 것을 알면서도 허가를 받지 않고 해당 지역을 방문하거나 체류한 사람은 1년 이하의 징역 또는 1000만원 이하의 벌금에 처한다.이는 국민의 안전을 확보하기 위한 정부의 의무이자 권한에 따른 조치다.
N,근데 잡혀서 살려달라고 울 나라 세금 쓰면안됨~~!! 잡히게되면 자폭추천~!!
N,아니 대단한거 알겠는데 오른손이 한 일을 왼손이 모르게 좀 할 수 없나?ㅋㅋㅋㅋㅋ 그놈의 sns ㅋㅋㅋ
P,"ᆢ1950 6.25 전쟁시 ᆢ..통스권 ᆢ이승만 도망가고유ㅠ중ㆍ북한공산당에 다 점령당하고 ㆍ ㅠㅠ 부산 까지 남은 상황 ㅠㅠ 다 ㅠㅢㅗㅡㅡㅡ 부산 바다에 다 수장 몰쌀되는상황 😭😭ᆢ그시절 미국& 유엔참전국 이 없었다면 ㅠㅠ 한국 이란나라 국호 도 없었다 🤦‍♂️🤦‍♂️🤦‍♂️ᆢ명심해라 ᆢ참전 지원' 미국 등 16개국, '의료 지원' 스웨덴 등 6개국에서 6월 25일 오후 8시 20분 국가보훈처 주최로 경기도 성남 서울공항 격납고에서 개최된 6·25전쟁 제70주년 행사에 유엔참전 22개국 👏👏👏👏😂"
P,"방안에서 편안하게 아가리만 터는 가세연 개용호랑은 차원이 다르네 ... 빚 관련 사생활 문제는 좀 찌질했지만, 진짜 상남자는 확실하다. 멋있고 존경스러움."
N,1. 민간인 사진 걸어놓고 총쏘고 칼로 찌르는 유튜브 방송함. 2. 해군에 갚아야 할 돈 다 갚았냐. 3. 성추행범 확정. 4. 세월호 쌩쑈 —— 짐작컨대 제3자 사진 걸고 총격 난도질이 고발당하자 미국 한국서 잡혀갈까봐 우크라이나로 도망가서 쌩쑈하는거임. 멋지다는 🐕 등 👞 들은 뭐임??
N,언론 플레이. 지금 우크라이나 가면 거기서 환영할까? 이근 이라는 한국인의 신원조회도 안하고 '그래 가서 싸워라'고 무기를 줄 것 같은가?
N,무기는 어떻게 구할것이며 그냥 🐕죽음일것이고 가도 싸우려 가는건지 아니면 어디서 쳐박혀 잇다 오는건지 알길도 없고 갓다오면 당연 이미지 겁나 떡상해서 영웅 대접받겟지 물론 처벌을 받긴 해도 우크라에 갓다왓다고 영웅대접해주는 애들이 잇을것이고 뭐 속내 훤하지 않나 싸우려 간다 하고 우크라 어디서 짱박혀 잇다 오면 그만이잖아 무슨수로 믿냐
N,또 불법 행위를 하네 멋있게 보일려고 불법을 막 저지르는 저놈 강력 처벌 해리ㅣ
P,욕해서 죄송합니다 진짜 가셨네 와 진짜 가니까 대단하고 다시 봤습니다
P,가려면 조용히 가지...기부한다고 온 동네방네에 자기 자랑하는 격. 전투에는 참여 안하고 대민구호업무 하는듯 한데 그래도 다치지 말고 돌아와 처벌 받으시길.
N,평소 인격 봐서는 가서 얼굴만 비추고 흉내만 내고 올 듯 관심 받고 영웅되고 꿩도 먹고 알도 먹고 너무 속 보인다 진짜 진정어린 용병이라면 조용히 떠나야지 온 동네방네 소문 다 내고 진정성 있다면 열심히 싸우고 조용히 돌아오소
P,"이근 대위 …전문가라고해도 힘든 결정이었을텐데 ..어쨌든 대한을 대표하는 의용군으로 무사귀한 바랍니다. …,러시아는 세계가 위험한 전쟁을 멈춰요…..핵 방사능!!!안돼요 러시아 맨 위에 있는 사람의 욕심으로 일어난 전쟁으로 불쌍하게 서로 지키다가 죽는건 누굴 위한 전쟁인가요."
P,정말 힘든 결정을 내리셨네요. 아무쪼록 상처 없이 건강하게 귀국 하실길 빕니다. 좋은결과도 기대됩니다.
P,근데 가면 무기같은건 지급 받는건가??누굴 까내리려는게 아니고 몰라서 묻는거임.뭐 자기 역량껏 돕는거니 응원은 하겠지만 부디 건강하게 돌아오시길 바랍니다.
P,해군특수전전단(UDT/SEAL) 출신 이근 예비역 대위가 6일 러시아로부터 침공을 당한 우크라이나를 돕기 위해 출국했다는 내용의 글을 SNS에 올렸다. ??? 러시아의 침입을 당한 우크라이나에 큰 도움이 될 것이다.
N,멋있긴 하나 군인 출신이 자국의 이익이나 법령 무시는 딱히 좋아 보이지 않는다. 중국이나 협을 중시하지 한국에선 상식 밖의 범죄행위다.
N,ㅋㅋㅋ 국뽕을 너무 마이 봤나봐... 국적포기하고 가지... 저렇게 가면 어쩌라고... 포로로 잡히면 다행이지... 작전중 민간이 죽이면? 어쩌려고 저러냐 개인적 명분으로 국가를 뒤로하고 저러는건 정신병자 아닌가? 왜 저렇게 가볍게 행동하지... ㅋㅋㅋ 개인이 러시아군인 죽이면 전쟁선포 아닌가... 러시아 명분 감사~~~
P,애초에 우크라이나를 위해서 참전하겠다는데 막는 문재앙 🟥갱이 것들이 문제지! 다른 국가들은 여러 외교적인 문제 이런것들을 고려 안하고 그냥 파병을 허락해 줬겠나?! 반드시 이 공산 괴뢰정부를 처벌해야한다!!!
P,"건투를‥!ㅡ최강ㆍ대한민국 예비역 의 위용을 맘껏펼치고 ‥우크라이나의 승리는‥곧 ,평화를상징하는전 세계인에 열망임을 각인 시켜주기를!그리고, 무사히 귀국 하기를!"
N,전쟁 났는지도 모르는 우크라이나 시골에서 밭일하는 김태희나 꼬시다 올지도 모르겠군. 살벌하게 폭탄터지는 시가전 인증영상 올리기 전에 믿을 수가 없지.
P,3차대전 핵전쟁비화 위험때문에 참전하는 국가가 전세계200여개국중 하나도 없다..국가단위가 참가를 못하면 개인들이라도 스스로 희생해서 침략자 러시아군을 막고 우크라이나의 자유와 독립을 위해서 싸우다 다치거나 죽는 것은 가장 숭고한 인류애적 행동이다...갈생각도 전혀없고 그저 국가가 막으니 가면 안된다고 생각하는 사람들이 비겁한거지 진정으로 인류의 자유와 평화를 바란다면 전세계인 모두가 참전해서 우크라이나를 지켜주는 것이 정의요 진실이다..그런점에서 이근은 영웅으로 불려도 부족함이 없다........
N,"소신이고 뭐고 생각없이 간거 맞다. 나토 회원국들도 의용군 안보내주는데 저게 될거라 생각함? 만약 진짜로 가면 100퍼 러시아랑 외교분쟁이 된다. 러시아랑 북괴간의 동맹조약인 조소동맹 파기시켰는데 부활할수도있고, 러시아가 괜히 우리에게 시비걸수있다. 국방만큼 중요한게 외교인데 쟨 모른다."
N,러시아 군인들 죽이러 간 거 잖아..전쟁에 끼어들지 말지..
P,이근은 여행목적이 아니기 때문에 처벌을 할 수 없다. 무자비 무도한 공산 빨개이와 싸우러 가는 것이고 대한민국이 공산 빨개이에게 침략 당했을 때 전세계에 도움을 요청한 역사적 사실이 있으므로 만약 이근을 처벌한하면 한국은 천하에 둘도 없는 배신자 나라가 된다. 이미 미국한테는 부끄러운 나라 수치스럽다는 말까지 들었다. 비겁한 나라 이미지 만들지 말라.
N,꼭 그렇게 법을 어기면서 까지 도와줄 필요가 있나요? 도울 수 있는 다른 방법들도 많습니다.. 무슨 장난도 아니고 하지말란 짓 해서 문제 생길까 걱정이네요
P,전사 해도 나라에 책임 묻는것도 아닌데 ㅡ귀국해서 처벌이라니!! 소신에 박수를 보냅니다. 남들은 허세에 지가 뭐라도 되는줄 ㅡ무모하다고 비난할지 몰라도 신념이 이렇게 무섭습니다..
P,멋지네요 정말 진짜 사나이 맞네
N,저 사진을 누가 찍었을까요? 지금까지의 그의 소행으로 볼때 연출된 이미지를 만드는 것 같네요.
P,처벌같은 개소리하고 있죠 그래서 시리아 내전 참전한 사람은 처벌로 여권압수로 끝났냐? 거의 협박수준이네? 정부하는 짓걸이 보면 욕을 안할래야 안할 수가 없다. 1년징역에 1천만원 벌금 협박으로도 못막았네?
N,나라가 하지 말라는건 안해야지..해서 문제 생기면 그 땐 나라에 목숨을 구걸할건가? 해군 출신이면 본인만의 능력 아니라 나라가 만들어준 자리고 힘인데 마치 그게 본인의 천부적인 재능인것처럼 국가의 룰을 어기고 자기 멋대로 출국하며 정의를 실현하는 것처럼 이야기하는 것이 저는 조금 이해가 안가네요…. 왜 샘물 교회 생각나죠.. 자기들만의 정의감에 사로잡혀 결국 나라에 민폐가 되는 부류들.. 부디 몸 건강히 돌아오시길..
P,707 출신 나는솔로영철 출신 승용이도 데리고 가지~민주주의를 위해 잘 싸우고 돌아오길🙏
P,정권 바뀌어서 들어오면.. 별 문제 없을것 같네요^^ 이근 화이팅~~~
P,그래 기왕 간거 나라 망신 시키지 말고우크라에 꼭 도움이 되길 바란다
P,저런 사람이 있어 만약 전쟁나도 국민 단결에 엄청 도움 되겠다.멋진 진짜 사나이네
P,"이근 대위를 지지합니다. 북한 살인마 김정은이 정권을 반대합니다.중국 위구루 여성들 강제 성폭행과, 아우슈비츠 강제노동소 운영하는 중국 시진핑이 반대합니다. 자유 민주주의를 위협하는 종북 좌파 세력을 반대합니다. 소설 남부군을 보면, 좌빨 빨지산 세력이 지리산일대에서 400만의 양민을 학살,한 사실이 적나라하게 나와 있습니다."
N,아마 폴란드 루마니아 쪽에서 너튜브 컨텐츠 분량 다 뽑고... 그냥 사격장 가서 총쏘는거 같이 편집 한 다음에 동유럽 맛집 탐방 할듯... 스파씌봐~~~~
P,참 역시 별의별 사람 다 있다. 의용군 답게 싸우고 죽지 말고 돌아 오시요. 평가는 결과가 말할것이요. 법이 있는 나라인데 만약에 포로로 잡혀서 그해주라고 하면안된다. 우크라이나 대통령이 자초한 전쟁이다고 보는 사람이 많다는것을 알고 있는지 가장 잘못하고 있는 악마는 푸틴이지만 우크라이나 대통령도 이전쟁에 책임을 져야된다.
P,"앞집에 도둑이 들어 물건을 훔치고 사람을 해치려 한다. 응당 사람이라면 위기에 처했을때 도와줘야하는게 맞는것 아닌가? 도둑 눈치봐가면서, 내가 피해받을거같으니까 조용히 있자. 이게 맞는거나고 ! 그 앞집이 내가 될수도 있고 당신들이 될수도 있어!"
P,이 와중에 명품 쳐바르고 차자랑밖에 할 줄 아는 게 없는 다른 한남들보단 훨 나아보인다ㅎㅎ밥 사달라고 징징대는 놈들도 많더라ㅎ
P,오 말보다 행동 다시 보게 됐다 몸조심히 다녀와라
N,이게 멋있다고 하는 분들은 좀 다각적으로 생각해보길. 불씨하나가 산불이 나듯 한국 참전으로 오해하고 핵폭탄 떨어질 수도 있는 일임. 전쟁끝나고 외교문제 걸림돌도 되고
P,"이 사람... 거짓말이 여러 번 탄로나서, 이번에도 사진은 이렇게 올리고 실제로는 딴 짓 하는 거 아니길. 만약 진짜로 목숨 걸고 임무수행 하는 거면 대단!"
P,댓글에 까는놈들은 인생 왜 저렇게살까 궁금하다 학교다닐때 싸움 좉도못하면서 구경만하는놈들이 어른된놈들같다
N,어디 숨어서 글 쓰고 있는건 아니고? ㅋㅋㅋ 나가는 거 본 사람이 있어야...
N,애 왜이러노 정신 이상있는듯 ㅋㅋㅋ 뒈지긋네 왜 생객내냐 ㅋㅋㅋㅋ 지가 뭐 슈퍼맨 이니 ㅋㅋㅋㅋ
P,소신껏 행동하시는거 아주좋은일.. 남동부전선 자원하셔서 고통받는 민중들 구하고 침략자 것들 싹쓸어주시길..
N,입만 열면 거짓과 사기
N,ㅋ 관종
P,"이근 비난하지맙시다비난하는 인간들 대다수가 지극히 개인적인 삶을살았지 봉사 ,희생이라는걸 알기나 할까? 비난할거면 입닫고 있으시요! 이런 결단과 용기 존경할만합니다"
N,점마 돈은 다 갚음?
P,가세연은 스튜디오에서 이근은 행동으로
P,이근 욕하는 빨갱이들 정체를 알고 싶다.
N,가지마세요 ㅠ우리나라 지켜야해요 ㅡ
P,대사관에 전화해서 생색내는 것들이랑은 개념부터 다르다
P,나도데리고가지
P,굿잡~~굿럭~~
N,과연 당신의 의도를 믿어 의심치 않을 수가 없다.
P,존멋 ... 무사히 돌아오시길 ! 꼭 !
P,이근 살아서 오면 특채로 군장교로 만들어라
P,이사람은 먼가 어설프지않아서 믿음이간다 얍샵한 잔머리도있고 민첩함도있다 얍샵이란말이 나쁜게아니다 그만큼 융통성있는 행동을 한다는거다 아무쪼록 몸건강히 다녀오시길바랍니다
P,찢재명 찍은 빨갱이들 데려가라
N,꼴깝떠네
P,이분은 진짜였네요. 모두들 무사귀환하시길 또 거기서 많은 힘이 되시길 기도합니다.
P,아이고 조심하시기를
P,목숨 걸고 하는 일에...평가는..후대에
P,살아 돌아오시요 명령이다
P,푸틴노망들은 독재자야 넌 체첸외인부대와 러시아용병을 우크라이나에 보냈으면서 서방의용군을 보내지말라고 하냐
N,관종 주접떠네
P,도움을 요청했을때 답을 주는게 우리 인간이 할 일이다!!!너무 멋진사람입니다~^^
P,"그에게도 가족이있고 우리들처럼 누군가에겐 소중한 사람이고 그는 이라크,소말리아등에서 파병생활을했고 전쟁의 무서움을 누구보다 잘 알겁니다. 자신의 가족을생각해서 몸을 사리길 바랬으나 떠나버렸기에 무사귀환을 두손모아 바랍니다 이런글에서까지는 적어도 그에게 화살은 거두는게어떨까요? 자신의목숨을 걸고 간것입니다,"
P,멋집니다!! 꼭 살아서 돌아오세요. 그리고! 처벌은 무슨 처벌! 집유로 끝내야지! 그냥 무사히 돌아만 오세요. rokseal!! 응원합니다!!
P,군인출신들 나와 서바이벌하는 모 프로그램들 다 재능낭비같더라 보는내내 집중이 안됨 우크라이나 생각나서
P,개멋지다
P,난 응원합니다.
P,훈장을 줘야지 처벌을 한다고?? 만약 처벌받으면 우리가 대한민국 국민이란게 창피할 거 같다.
P,와 용기가 너무 멋있습니다꼭 무사히 돌아와주세요!!
P,당신의 가족들을 위해서라도 제발 무사귀환 하시길...
P,주댕이질 숫가락질보다백배 멋짐
P,뉴스에는 안나오지만 우크라이나 젊은이들이 많이 사망했다고 합니다. 그 숫자를 믿기 어렵습니다만 2차 세계대전을 방불케 하는 참혹한 전쟁이 벌어지는것 같습니다.
N,샘물교회 가오버전
P,국가보안법을 어긴 임x경은 지금까지 떵떵거리고 잘 사는데 뭐. 마찬가지다. 자기가 처벌을 각오하고 가는 확신범(?)한테 뭐라 할거야. 와서 처벌 받겠다는데.
P,승리하고 무사히 돌아오시길 기원합니다
P,그래도 방구석에서 키보질 하는 애들보다는 낫다..
P,가세연 보고있나?
N,저분의 참전은 개인적 선택이며 국가의 입장과는 관계가 없습니다.
N,오버다
N,국가에서 하지말라면 하지말지. 관종이네.
P,"댓글들 웃긴다. 뭔 외교타령이냐? ㅋㅋㅋ 북한,중국을 제외하고는 전세계가 등돌린 마당에 러시아에 미련이 있나보네. 중립지키는건 이전의 얘기지."
P,힘내세요! 잘하셨습니다
P,넘 멋있어요. 당신들의 무사기환을 위해 기도할께요. 감사합니다.
P,멋지다! 무사귀환 하시길!
P,푸틴 모가지 따고오면 인정
P,여기서 쇼하니 돈보고 생쇼한다는둥 하는것들니들은 저런 쇼라도 할수있니 전쟁터에서 목숨걸고 하는것을 쇼라고 하는 니들 머리는 돼지머리다. 하늘도 보지 못하는 한심한것들 남은 목숨걸고 하는 행동을 손 가락질 하지말아라 적어도 우크라이나 돕고 싶은 마음을 가지고 있는 사람이면
N,영화를 많이봤나? 예비역이 믄 삽질이고 현역도 가만있는데.오바하고있네. 나가서 들어오지 마라. 정신이 이상하나?
N,에효 관종 그냥 대한민국 울진이나 가서 도와라 인기에 눈멀어서 좀 좀
P,꼭 건강한 모습으로 돌아오세요
N,유툽찍으러 가지는 마시고 꼭 말한 그대로만 하고 오길 바랍니다
P,아가리만 잘 놀리고 평화 타령만 하는 좌파들 똑똑히 봐라 ᆢ 너희들 보다 더 평화를 사랑한단다 ᆢ이근 살아돌아와라 ᆢ파이팅 ᆢ
P,내가 진짜 사나이라고 했제?!
P,정부의 어떤 자들이 불법운운 법질서타령인가? 인간의 목숨이 제일 소중하다 불구덩이에 목숨걸고 하우겠다고 나서는데 미온적 태도로 일관해오던 정부가 늦은 결정에 실망했는데 자기목숨건 투지에 지원은 커녕 법질서 타령하는 자체가 러시아푸틴과 뭐가 다른가 싶다 네도 목숨걸고 지원하고 싶습니다
N,국민이면 국법을 지켜야 한다. 국법테두리를 벗어나면 국가는 책임질 이유가 없다. 가서 우크라이나를 위해 용감히 싸우고 그나라에 뼈를 묻어라!
N,조용히 다녀와서 말할것이지. 가기전부터 언플졸라하고 가네
N,얘들 단순하지~ 확실히 갔는지 확인하고 칭찬해도 늦지 않다. 출국은 맞는거 같은데... 확실히 간건지 아직은 알길이 없네~
N,관종
N,음...... 음...... 흠.......
N,뭔가 죽어서 돌아올것같다
P,자신의 커리어로 돈버는 입만 산 군인이라고 생각했었는데.. 진짜 군인이네.. 이근 대위만큼의 커리어와 실력을 가진 군인이 많을진 몰라도 한치의 망설임없이 타국의 전쟁터에 참전할 군인은 얼마나될까? 무사히 돌아오시길 바랍니다.
N,우크라이나 : 누구세요???
N,안녕하세요 남근대위 인사올립니다
N,관종인 군인은 꼴불견이다
P,"대한민국 남자도 한다, 말보다 해동으로 자유민주주의 수호에 앞장선 당신이 대한민국 최고의 남자다,"
P,이왕 가는거 꼭 살아서 돌아오길 빈다....옛날 소련시절 전투기가 우리나라 민항기 격추시킨건 알고있지? 그때 우린 억울해도 아무것도 하지못했다!
P,꼭 살아 돌아와요
P,헐~
N,액션졸라잘까네ㅎㅎ 처음에 왜가냐고 성내드만 등떠밀려서 액션치고 조회수 떡상하것네
P,꼭ㅇ살아서 돌아오시길 응원할게요
P,진짜 사나이네~ 살아 돌아오라!난 좋게 봤었다. 목숨을 걸 수 있는이가 진정한 용기인이다!
N,러시아 비밀요원들한테ㅡ채포될거같은데
N,죽으면 끝이다
P,여행금지국? 여행하러 가는게 아니니까 무죄네.
P,꼭 무사귀환 하세요!!기도합니다!!
P,이근 멋지다..꼭 살아 돌아 와라!..
P,ᆢ ㅠㅠ살아돌아 오세요🏳️‍🌈🏳️‍🌈🏳️‍🌈.ᆢ몸 조심 하시고 ᆢᆢ
P,멋지네 잘 싸우시고 무사귀환하세요~
P,간다고 아구리 터는게 아니고 이미 갔네?? 개 존 멋
P,자유민주주의를 지켜주러 가셨군요. 이 나라도 바뀌어 있을 겁니다. 갔다오셔서 법의 처벌은 받으셔야합니다.무사귀환 하십시요
P,대한민국에 정의다 .. 민주문가당 아가리파이터와는 격이 다르다 국위선양하고 무사히 귀국하면 당신에 뒤엔 수천만의 대한민국 현역과 예비군이 있을것이다
N,ㄷㄷㄷㄷ 너무 무모한거 아님??
P,후기가 궁금해지네
P,개멋있다ㅜㅜ 진정한 군인
N,가지 말라면 가지마셔요도움이 아니라 문제를 일으키는 겁니다
P,바보같은데 멋있어
P,우리나라에 이렇게 멋진 분이 계신줄 몰랐네요!~~죽음을 각오하고 가실텐데 참으로 대단하십니다!~~ 꼭 살아서 오시길 기원합니다!~화이팅
N,유튜브 방송거리 생겼네...이미지도 탈바꿈하고 몇일 쉬다와서 우크라 를위해 희생하고 온척하게?? ㅋㅋ
P,"이근 대위~ 화팅이요~~ 왜 이런 멋진 남자한테 욕들 하노.. .. 꼬우면 본인들도 가서 돕던지요.,, 이런사람 욕하는사람..~ 쪽팔린줄 아세요.. 이사람이 당신들한테 무슨 피해 줬습니까? 충분히 멋진일 하는대.. 왜욕들 하고 ..자기들 기준으로 정상이네 마네 합리화를 하노.ㅎㅎㅎㅎㅎㅎ 간만에~ 웃고 갑니다~~ 이근대위~~ 화팅요~!"
P,이미 가신거 무탈없이 목표한바 이루고 건강히 돌아오시길.
P,무사히 돌아오세요
P,멋진건 멋진거다 목숨 내놓구 가는건데 악플러들은 짜져 있어라
P,팀원들이랑 건강히 무사히 살아서 돌아만 와주세요!!
N,가서 거기서 살아라. 다시 돌아올필요없다.
P,이근 정말 멋지십니다 저두 특전사지만 좀 망설여지네요
N,"어차피 못간다. 우크라 상공은 당연히 막혀있어서 직공으로 못갈테고, 다른나라를 통해 육로로 국경을 넘어 우크라로 갈려고해도 당연히 그나라의 국경수비대가 우크라이나인도 아닌 사람을 통과시켜줄리없다. 솔직히 말해 계속 군에 관련된걸 하고싶었다면 그냥 군에남지 처음부터 장기복무도 잘안될 특전에 지원해서 결국 전역하고 지금까지도 군부심 부리는것에 이해가안된다. 국가위상 높이기는커녕 러시아에게 포로로 잡히면 어쨌든 국민이라 국가의 의무인 국민보호로 어떻게든 구출해야하는데 이때생기는 외교적 실추는 저넘 책임으로 해결될게아니다."
P,이근응원한다 멋지다
N,강철부대 멤버들도 갈거 같다..제발 젊은 패기로 섣부른 판단 하지 말기를..
P,푸틴목을 따러가지
P,저런일을 비난할 자격없다 확실한 약자를 위한 자기희생이다
N,ㅋㅋㅋㅋㅋㅋ아 웃기네 기꾼이
N,이 사람 성범죄자 맞나요?
P,밧줄타고 참호격투 하는 예능 군인들 방송보다 뉴스보니 진짜 군인보는거 같네
N,ㅋㅋㅋㅋㅋㅋㅋ
P,용기있는 행동 멋지고 자랑스럽네요무사귀환 하시길
N,세월호 아이들 죽어갈때는 니 뭐했노??
N,관종은 불치병
P,와.. 선동하며 수업료 쳐먹으며 근근히 의미없이 살아가는 누구랑은 다르다..
P,멋지십니다 진짜 영웅이세요
P,존 멋~꼭살아돌아오길요ㅠ
N,뜻은좋은데 개인의 색갈을 다 존중해줄수없는게 사회란거지..한사람을 봐주면 모든게 무너진다.. 법은 법이다. 법은 의도나 결과와 상관없이 지켜야 더 큰 힘을 만듭니다
N,아니 저러다가 쟤가 포로로 잡히기라도 하면 우리나라 ㄹㅇ 참전인데 국가에서 하지말라는데는 이유가 있지 도대체 왜..혼자 멋있는 척하는거지
P,대한민국 특수부대의 맛을 러시아 넘들에게 확실히 보여주세요! 응원합니다. 그리고 영웅처럼 멋있게 귀국하시길 기원합니다.
P,댓글로 뚫린 주뎅이질 그만하고 이근대위 욕하지마라!
P,누구든 약자나 어려움에 처한 저들을 돕는게 진정 남자다!
P,개상남자 솔직히 멋있긴하다
N,비지니스 하러가는거 아님?? 개인신념이고뭐고 돈벌러 가는거지
P,선택으 본인의 몫!
P,살아서 돌아오세요.
N,풉ㅋㅋㅋㅋㅋㅋㅋㅋㅋ
N,관종!
N,근데 예비군을 안가서 체포당함..ㅋㅋ
P,살아서 돌아오길빕니다
N,에휴
P,좋은일이고인류애지만 몸조심하고소기의목적을이루고무사귀국바랍니다
N,가면간거지 저렇게 티를내야하나 ㅋㅋ
P,원점타격이 쵝오다 만악으 근본 세계사에 남게 노력해바
N,"국가가 하라고 하는건 의심하는게 맞는데, 하지말라고 하는건 하지마라 탈레반 샘물교회일 잊었냐? 가지말라해도 결국가서 피랍되고 탈레반에게 이리저리 휘둘렸다. 꼴에 저런것들도 국민이라서 국가도 국가의 의무인 국민보호의 원칙에 따라 테러범들 요구들어줬는데 시즌2 찍고싶나? 이번엔 상대가 국가인 만큼 상당할거고 저런 관종이 책임도 못지는건 당연하고 국위선양은 무슨 외교실추다."
N,아이고 댓글들 좋아요들 참...이렇게 철없게 낚인 사람들이 많으니.. 이봐요들 저렇게 똥폼잡으며 돕는게 돕는게 아녜요 오히려 한국민들에 큰 피해를 끼치는 빌미를 제공한답니다. 말도안통하는 나라에 가서 뭘 어쩌겠다는건지 ㅉㅉ
N,우크라이나 간다고 아무나 전쟁참여할수있나요? 총과 실탄 방탄헬멧 조끼등 필요한 장비들은 어디서 구함?
N,그래도 누군가가 죽을 수 있는 방식이 아닌 방법으로 해결되었으면 합니다. ㅠㅠ
P,"어떤 일을 할지는 모르겠으나, 안전하길 또 생존하길 비오"
P,신의 가호가 함께 하길..
P,추잡한 인간이라 생각했는데... 의외로 강단있네! 말로만 하는 정치인 보다 낫네! 그대신 살아 돌아오십시요.팀원 전체가! 그때는 발벗고 응원 하리다..!
P,많은 생명을 살리고 무사귀환하길..
P,저사람은 ㄹㅇ 군인이니까 참전할수도 있는거다6.25때 미군이 도와준 이유를 잊었냐?
P,무사귀환하세요 관광간것도 아닌데 처벌은하지맙시다 감사합니다
P,우크라이나에 실제적인 도움을 주네요존경 합니다 이근대위
P,다치지말고 꼭 이기고와라.
P,소신껏 행동하시는거 아주좋은일.. 남동부전선 자원하셔서 고통받는 민중들 구하고 침략자 것들 싹쓸어주시길..
N,입만 열면 거짓과 사기
N,ㅋ 관종
P,"이근 비난하지맙시다비난하는 인간들 대다수가 지극히 개인적인 삶을살았지 봉사 ,희생이라는걸 알기나 할까? 비난할거면 입닫고 있으시요! 이런 결단과 용기 존경할만합니다"
N,점마 돈은 다 갚음?
P,가세연은 스튜디오에서 이근은 행동으로
P,이근 욕하는 빨갱이들 정체를 알고 싶다.
N,가지마세요 ㅠ우리나라 지켜야해요 ㅡ
P,대사관에 전화해서 생색내는 것들이랑은 개념부터 다르다
P,나도데리고가지
P,굿잡~~굿럭~~
N,과연 당신의 의도를 믿어 의심치 않을 수가 없다.
P,존멋 ... 무사히 돌아오시길 ! 꼭 !
P,이근 살아서 오면 특채로 군장교로 만들어라
P,이사람은 먼가 어설프지않아서 믿음이간다 얍샵한 잔머리도있고 민첩함도있다 얍샵이란말이 나쁜게아니다 그만큼 융통성있는 행동을 한다는거다 아무쪼록 몸건강히 다녀오시길바랍니다
P,찢재명 찍은 빨갱이들 데려가라
N,꼴깝떠네
P,이분은 진짜였네요. 모두들 무사귀환하시길 또 거기서 많은 힘이 되시길 기도합니다.
P,아이고 조심하시기를
P,목숨 걸고 하는 일에...평가는..후대에
P,살아 돌아오시요 명령이다
P,푸틴노망들은 독재자야 넌 체첸외인부대와 러시아용병을 우크라이나에 보냈으면서 서방의용군을 보내지말라고 하냐
N,관종 주접떠네
P,도움을 요청했을때 답을 주는게 우리 인간이 할 일이다!!!너무 멋진사람입니다~^^
P,"그에게도 가족이있고 우리들처럼 누군가에겐 소중한 사람이고 그는 이라크,소말리아등에서 파병생활을했고 전쟁의 무서움을 누구보다 잘 알겁니다. 자신의 가족을생각해서 몸을 사리길 바랬으나 떠나버렸기에 무사귀환을 두손모아 바랍니다 이런글에서까지는 적어도 그에게 화살은 거두는게어떨까요? 자신의목숨을 걸고 간것입니다,"
P,멋집니다!! 꼭 살아서 돌아오세요. 그리고! 처벌은 무슨 처벌! 집유로 끝내야지! 그냥 무사히 돌아만 오세요. rokseal!! 응원합니다!!
P,군인출신들 나와 서바이벌하는 모 프로그램들 다 재능낭비같더라 보는내내 집중이 안됨 우크라이나 생각나서
P,개멋지다
P,난 응원합니다.
P,훈장을 줘야지 처벌을 한다고?? 만약 처벌받으면 우리가 대한민국 국민이란게 창피할 거 같다.
P,와 용기가 너무 멋있습니다꼭 무사히 돌아와주세요!!
P,당신의 가족들을 위해서라도 제발 무사귀환 하시길...
P,주댕이질 숫가락질보다백배 멋짐
P,뉴스에는 안나오지만 우크라이나 젊은이들이 많이 사망했다고 합니다. 그 숫자를 믿기 어렵습니다만 2차 세계대전을 방불케 하는 참혹한 전쟁이 벌어지는것 같습니다.
N,샘물교회 가오버전
P,국가보안법을 어긴 임x경은 지금까지 떵떵거리고 잘 사는데 뭐. 마찬가지다. 자기가 처벌을 각오하고 가는 확신범(?)한테 뭐라 할거야. 와서 처벌 받겠다는데.
P,승리하고 무사히 돌아오시길 기원합니다
P,그래도 방구석에서 키보질 하는 애들보다는 낫다..
P,가세연 보고있나?
N,저분의 참전은 개인적 선택이며 국가의 입장과는 관계가 없습니다.
N,오버다
N,국가에서 하지말라면 하지말지. 관종이네.
P,"댓글들 웃긴다. 뭔 외교타령이냐? ㅋㅋㅋ 북한,중국을 제외하고는 전세계가 등돌린 마당에 러시아에 미련이 있나보네. 중립지키는건 이전의 얘기지."
P,힘내세요! 잘하셨습니다
P,넘 멋있어요. 당신들의 무사기환을 위해 기도할께요. 감사합니다.
P,멋지다! 무사귀환 하시길!
P,푸틴 모가지 따고오면 인정
P,여기서 쇼하니 돈보고 생쇼한다는둥 하는것들니들은 저런 쇼라도 할수있니 전쟁터에서 목숨걸고 하는것을 쇼라고 하는 니들 머리는 돼지머리다. 하늘도 보지 못하는 한심한것들 남은 목숨걸고 하는 행동을 손 가락질 하지말아라 적어도 우크라이나 돕고 싶은 마음을 가지고 있는 사람이면
N,영화를 많이봤나? 예비역이 믄 삽질이고 현역도 가만있는데.오바하고있네. 나가서 들어오지 마라. 정신이 이상하나?
N,에효 관종 그냥 대한민국 울진이나 가서 도와라 인기에 눈멀어서 좀 좀
P,꼭 건강한 모습으로 돌아오세요
N,유툽찍으러 가지는 마시고 꼭 말한 그대로만 하고 오길 바랍니다
P,아가리만 잘 놀리고 평화 타령만 하는 좌파들 똑똑히 봐라 ᆢ 너희들 보다 더 평화를 사랑한단다 ᆢ이근 살아돌아와라 ᆢ파이팅 ᆢ
P,내가 진짜 사나이라고 했제?!
P,정부의 어떤 자들이 불법운운 법질서타령인가? 인간의 목숨이 제일 소중하다 불구덩이에 목숨걸고 하우겠다고 나서는데 미온적 태도로 일관해오던 정부가 늦은 결정에 실망했는데 자기목숨건 투지에 지원은 커녕 법질서 타령하는 자체가 러시아푸틴과 뭐가 다른가 싶다 네도 목숨걸고 지원하고 싶습니다
N,국민이면 국법을 지켜야 한다. 국법테두리를 벗어나면 국가는 책임질 이유가 없다. 가서 우크라이나를 위해 용감히 싸우고 그나라에 뼈를 묻어라!
N,조용히 다녀와서 말할것이지. 가기전부터 언플졸라하고 가네
N,얘들 단순하지~ 확실히 갔는지 확인하고 칭찬해도 늦지 않다. 출국은 맞는거 같은데... 확실히 간건지 아직은 알길이 없네~
N,관종
N,음...... 음...... 흠.......
N,뭔가 죽어서 돌아올것같다
P,자신의 커리어로 돈버는 입만 산 군인이라고 생각했었는데.. 진짜 군인이네.. 이근 대위만큼의 커리어와 실력을 가진 군인이 많을진 몰라도 한치의 망설임없이 타국의 전쟁터에 참전할 군인은 얼마나될까? 무사히 돌아오시길 바랍니다.
N,우크라이나 : 누구세요???
N,안녕하세요 남근대위 인사올립니다
N,관종인 군인은 꼴불견이다
P,"대한민국 남자도 한다, 말보다 해동으로 자유민주주의 수호에 앞장선 당신이 대한민국 최고의 남자다,"
P,이왕 가는거 꼭 살아서 돌아오길 빈다....옛날 소련시절 전투기가 우리나라 민항기 격추시킨건 알고있지? 그때 우린 억울해도 아무것도 하지못했다!
P,꼭 살아 돌아와요
P,헐~
N,액션졸라잘까네ㅎㅎ 처음에 왜가냐고 성내드만 등떠밀려서 액션치고 조회수 떡상하것네
P,꼭ㅇ살아서 돌아오시길 응원할게요
P,진짜 사나이네~ 살아 돌아오라!난 좋게 봤었다. 목숨을 걸 수 있는이가 진정한 용기인이다!
N,러시아 비밀요원들한테ㅡ채포될거같은데
N,죽으면 끝이다
P,여행금지국? 여행하러 가는게 아니니까 무죄네.
P,꼭 무사귀환 하세요!!기도합니다!!
P,이근 멋지다..꼭 살아 돌아 와라!..
P,ᆢ ㅠㅠ살아돌아 오세요🏳️‍🌈🏳️‍🌈🏳️‍🌈.ᆢ몸 조심 하시고 ᆢᆢ
P,멋지네 잘 싸우시고 무사귀환하세요~
P,간다고 아구리 터는게 아니고 이미 갔네?? 개 존 멋
P,자유민주주의를 지켜주러 가셨군요. 이 나라도 바뀌어 있을 겁니다. 갔다오셔서 법의 처벌은 받으셔야합니다.무사귀환 하십시요
P,대한민국에 정의다 .. 민주문가당 아가리파이터와는 격이 다르다 국위선양하고 무사히 귀국하면 당신에 뒤엔 수천만의 대한민국 현역과 예비군이 있을것이다
N,ㄷㄷㄷㄷ 너무 무모한거 아님??
P,후기가 궁금해지네
P,개멋있다ㅜㅜ 진정한 군인
N,가지 말라면 가지마셔요도움이 아니라 문제를 일으키는 겁니다
P,바보같은데 멋있어
P,우리나라에 이렇게 멋진 분이 계신줄 몰랐네요!~~죽음을 각오하고 가실텐데 참으로 대단하십니다!~~ 꼭 살아서 오시길 기원합니다!~화이팅
N,유튜브 방송거리 생겼네...이미지도 탈바꿈하고 몇일 쉬다와서 우크라 를위해 희생하고 온척하게?? ㅋㅋ
P,"이근 대위~ 화팅이요~~ 왜 이런 멋진 남자한테 욕들 하노.. .. 꼬우면 본인들도 가서 돕던지요.,, 이런사람 욕하는사람..~ 쪽팔린줄 아세요.. 이사람이 당신들한테 무슨 피해 줬습니까? 충분히 멋진일 하는대.. 왜욕들 하고 ..자기들 기준으로 정상이네 마네 합리화를 하노.ㅎㅎㅎㅎㅎㅎ 간만에~ 웃고 갑니다~~ 이근대위~~ 화팅요~!"
P,이미 가신거 무탈없이 목표한바 이루고 건강히 돌아오시길.
P,무사히 돌아오세요
P,멋진건 멋진거다 목숨 내놓구 가는건데 악플러들은 짜져 있어라
P,팀원들이랑 건강히 무사히 살아서 돌아만 와주세요!!
N,가서 거기서 살아라. 다시 돌아올필요없다.
P,이근 정말 멋지십니다 저두 특전사지만 좀 망설여지네요
N,"어차피 못간다. 우크라 상공은 당연히 막혀있어서 직공으로 못갈테고, 다른나라를 통해 육로로 국경을 넘어 우크라로 갈려고해도 당연히 그나라의 국경수비대가 우크라이나인도 아닌 사람을 통과시켜줄리없다. 솔직히 말해 계속 군에 관련된걸 하고싶었다면 그냥 군에남지 처음부터 장기복무도 잘안될 특전에 지원해서 결국 전역하고 지금까지도 군부심 부리는것에 이해가안된다. 국가위상 높이기는커녕 러시아에게 포로로 잡히면 어쨌든 국민이라 국가의 의무인 국민보호로 어떻게든 구출해야하는데 이때생기는 외교적 실추는 저넘 책임으로 해결될게아니다."
P,이근응원한다 멋지다
N,강철부대 멤버들도 갈거 같다..제발 젊은 패기로 섣부른 판단 하지 말기를..
P,푸틴목을 따러가지
P,저런일을 비난할 자격없다 확실한 약자를 위한 자기희생이다
N,ㅋㅋㅋㅋㅋㅋ아 웃기네 기꾼이
N,이 사람 성범죄자 맞나요?
P,밧줄타고 참호격투 하는 예능 군인들 방송보다 뉴스보니 진짜 군인보는거 같네
N,ㅋㅋㅋㅋㅋㅋㅋ
P,용기있는 행동 멋지고 자랑스럽네요무사귀환 하시길
N,세월호 아이들 죽어갈때는 니 뭐했노??
N,관종은 불치병
P,와.. 선동하며 수업료 쳐먹으며 근근히 의미없이 살아가는 누구랑은 다르다..
P,멋지십니다 진짜 영웅이세요
P,존 멋~꼭살아돌아오길요ㅠ
N,뜻은좋은데 개인의 색갈을 다 존중해줄수없는게 사회란거지..한사람을 봐주면 모든게 무너진다.. 법은 법이다. 법은 의도나 결과와 상관없이 지켜야 더 큰 힘을 만듭니다
N,아니 저러다가 쟤가 포로로 잡히기라도 하면 우리나라 ㄹㅇ 참전인데 국가에서 하지말라는데는 이유가 있지 도대체 왜..혼자 멋있는 척하는거지
P,대한민국 특수부대의 맛을 러시아 넘들에게 확실히 보여주세요! 응원합니다. 그리고 영웅처럼 멋있게 귀국하시길 기원합니다.
P,댓글로 뚫린 주뎅이질 그만하고 이근대위 욕하지마라!
P,누구든 약자나 어려움에 처한 저들을 돕는게 진정 남자다!
P,개상남자 솔직히 멋있긴하다
N,비지니스 하러가는거 아님?? 개인신념이고뭐고 돈벌러 가는거지
P,선택으 본인의 몫!
P,살아서 돌아오세요.
N,풉ㅋㅋㅋㅋㅋㅋㅋㅋㅋ
N,관종!
N,근데 예비군을 안가서 체포당함..ㅋㅋ
P,살아서 돌아오길빕니다
N,에휴
P,좋은일이고인류애지만 몸조심하고소기의목적을이루고무사귀국바랍니다
N,가면간거지 저렇게 티를내야하나 ㅋㅋ
P,원점타격이 쵝오다 만악으 근본 세계사에 남게 노력해바
N,"국가가 하라고 하는건 의심하는게 맞는데, 하지말라고 하는건 하지마라 탈레반 샘물교회일 잊었냐? 가지말라해도 결국가서 피랍되고 탈레반에게 이리저리 휘둘렸다. 꼴에 저런것들도 국민이라서 국가도 국가의 의무인 국민보호의 원칙에 따라 테러범들 요구들어줬는데 시즌2 찍고싶나? 이번엔 상대가 국가인 만큼 상당할거고 저런 관종이 책임도 못지는건 당연하고 국위선양은 무슨 외교실추다."
N,아이고 댓글들 좋아요들 참...이렇게 철없게 낚인 사람들이 많으니.. 이봐요들 저렇게 똥폼잡으며 돕는게 돕는게 아녜요 오히려 한국민들에 큰 피해를 끼치는 빌미를 제공한답니다. 말도안통하는 나라에 가서 뭘 어쩌겠다는건지 ㅉㅉ
N,우크라이나 간다고 아무나 전쟁참여할수있나요? 총과 실탄 방탄헬멧 조끼등 필요한 장비들은 어디서 구함?
N,그래도 누군가가 죽을 수 있는 방식이 아닌 방법으로 해결되었으면 합니다. ㅠㅠ
P,"어떤 일을 할지는 모르겠으나, 안전하길 또 생존하길 비오"
P,신의 가호가 함께 하길..
P,추잡한 인간이라 생각했는데... 의외로 강단있네! 말로만 하는 정치인 보다 낫네! 그대신 살아 돌아오십시요.팀원 전체가! 그때는 발벗고 응원 하리다..!
P,많은 생명을 살리고 무사귀환하길..
P,저사람은 ㄹㅇ 군인이니까 참전할수도 있는거다6.25때 미군이 도와준 이유를 잊었냐?
P,무사귀환하세요 관광간것도 아닌데 처벌은하지맙시다 감사합니다
P,우크라이나에 실제적인 도움을 주네요존경 합니다 이근대위
P,다치지말고 꼭 이기고와라.
P,이왕간거 힘내시고 태극기 사용은 하지말아주세요 화이팅
P,이분 진짜 멋진분이네요..마치 정의에 사자같은 불의를보면 참지못하는 주인공같은 분이시네요.. 부디 몸건강히 다녀오시길 빕니다...
P,처벌이아닌상을줘야죠.정말존경스럽네요.대한민국의용군화이팅!!!!부디무사귀환하시길...
P,팀원분들과 모두 무사히 귀국하시길....
P,대깨문들은 이것도 비판하겠지 법을어기니 하묘~ 지금의 대한민국 정부 젓가락이라그래 남자다 멋지게 불태우고 오길멸공!!!!!
N,멋지긴 합니다만 가서 뭘 도울수 있을까요??? 응원합니다!
N,남들 소령 중령할 나이인데 언제적 대위야ㅋㅋ
P,우크라이나에 자유와 평화를...!! 말보다 행동~!!
P,최고
P,아니 아무리 관종이라도 이건 차원이 다른건데? 이사람은 찐이다 ㄷㄷ
P,어벤져스 출동..
P,멋지다~함께 가지는 못하지만 응원합니다
N,여행 금지국가 가면 안돼요
P,대단합니다.모든걸 떠나 다른사람을위해 목숨을 바쳐가며 일을 한다는건 정말 존경스럽다. 제마음도 국가를위해또는 누군가를 위해 보람된 목숨을 받칠수 있다면 그또한 영광이라 생각합니다. 꼭 살아서 오세요
P,저런 영웅은 처벌 받으면 안된다. 세상에 처벌할 사람이 얼마나 많은데.. 특히 더러운 정치하는 놈들 ㅠㅠ
P,공산주의와 맞서 싸우는거 자체가 멋있다 멸공!!
N,조용히 갔다온 다음 소문나면 모를까...광고도 아니고.
P,살아돌아오세요~~당신을 늘 응원했어요
P,한국특수부대의 위용을 보여주고 무사히 돌아오길 바랍니다.
P,어그로치곤 목숨담보로 가는건데 쉽지않은결정이지
P,용감하다 언행일치
N,불난집놔두고 부채질하러가네
N,그 문대통령님 경호하던 잘생기신분 안데려가세요?
P,살아서 돌아오세요!
N,"오른손이 모르게 하지,동내방내 소문네고 가능거는 뭐꼬? 주변에서 빙빙돌다 사진몇장 찍고와서 허풍 떨지말것~"
N,유튜브가 이렇게 무섭구나...
P,무사귀환하시길~~~
N,영웅심리에 목숨을 거는군
N,까불다 디지거나 살아서 스타되거나 ㅋ
P,자기 자신의 소신대로 행동을 하는 당신을 응원합니다현행법을 어겻다는 이유로 누구도 손가락질을 할수는 없다고 생각합니다 부디 살아서 무사귀환하시길 기도합니다.
P,무사히 생환 하시기 바라며 불타는 정의감에 찬사를 보냅니다
P,뭐가 어찌됫든 다들 무사히 돌아오길바랍니다
N,근데 무기는 어디서 보급받냐? 총사가지고 가야되냐?
P,목숨을 거는일인데 정말 대단하십니다. 무사히 돌아오시기를 기원합니다!
P,행동으로 보여주네
N,이분 멋있는척 하는거보다..뎃글이 응원하는게 더 웃김
P,살아서 돌아오세요 제발 ㅜㅜ다들 갈 용기없으면 살아서 돌아오길 빌어줘요
N,그용기를 신사참배할때나 쓰지~관종짓은~
P,무모해보이기도 하고 이해도 잘 안되지만….목숨 걸 정도의 자기 신념이 있다는건 대단해보인다. 유튜브 컨텐츠 때문에 가는거라고 많이들 말하는데 전쟁의 잔혹성도 위험성도 잘 아는 군인출신이 그렇게 생각없이 갔을까싶다… 전쟁이 장난도 아니고. 그리고 용병이라도 군대인데 기밀때문에 유튜브같은거 촬영하게 두지도 않을거고.
P,개멋지네..
N,얜또 뭐냐 하나도 안위대해보인다. 지금 우리 부정에 맞서라
P,이재명은 러시아.중국에게 자극주면 우크라이나꼴 난다고 하던데.....이게 찐이라면 살아서 돌아와서 영웅등극.될수도.
N,전쟁이 뭐 개인 홍보물이냐?? 장난해?? 그렇게 의협심이 있으면 우리군에 말뚝박지 그랬어.!
N,해군에게 빚은 갑아야지. 우크라이나가서 말은 통하겠냐?
P,윤석럴 대통령께서 절대 처벌않하실겁니다 잘싸우고 돌아오세요
P,멋있다 용기가 실행력이 저사람은 목숨을 건것이다.
N,가서 실전연습 잘해봐라..ㅋㅋ
N,전쟁 중에 나대면 골치 아파지니까 그냥 얌전히 있어라
P,이게 남자지 이근 욕하지 마라
N,근데 그대가 대한민국 최초 의용군은 아니다. 정부 승인없이 여러전투에 참여한 의용군도 lS군에 참여한 자도 있었다.
P,진정한 군인 정신을 가진 이근 대위님 존경스럽습니다
P,사실이면 멋지다.. 근데 비행기가 있음?
N,또라이네 굉장히 위험한 행동이고 발상이다.
P,비겁하고 야기한 문재인보다 100배는 훌륭하다
P,목숨을 걸고 가는건대 의용군 멋지다. 이근 화이팅
P,잘하고 무사귀환하십시오
N,ㅋㅋ 구라아닌가?
N,폼생폼사
N,포로로 잡혔을때 우리나라 정부가 난처해지는 일이 없도록 부탁합니다.
N,북괴 김돼지 멱이나 따러가지.. 남에나라 전쟁에 왜가지? 거기서 고립되면 대한민국정부에 책임지라고할려고?
P,와 전쟁에 뛰어드는거 헐!후방에서 최대한 안전확보하고 전투하시길
N,잘가고 다시는 대한민국에 돌아오지 마라!
N,쌩쑈를 하고자빠졌네
P,감사합니다 ~
P,현 대통령보다 낫다.꼭 살아서 오세요.
P,가세연은 안가냐? ㅋㅋㅋㅋㅋㅋㅋ
P,화이팅!!!!!!!!!!
N,참...댓글다는분들 생각있는건지.. 멋있어보이는게 다인감?이게 대외적으로 외교문제랑 국가안보문제로 커질수있는건데 금지국가라고하는데도 굳이가는이유는 뭐냐고! 누군 안타까움이없어서 못도와주는줄 아시나
N,우루과이로 가면 안된다 우크라이나다 ㅋ
N,100프로 유튜브 컨텐츠로 남긴다 갔다와서 후기는 있을듯
P,이근 싸나이야!!! 파이팅!!!
P,흠 인정
P,목숨걸고 저렇게 갈수있을까? 용기에 감탄한다 무사히 돌아오길
P,멋있다 좀아쉬운건 우크라이나로 가지말고 러시아로가서 푸틴을 암살했으면 당신은 이순신같은 역사에 남을 인물. 병사들도 왜 싸우는지도 모르는 마당에 고위간부들을 제거하는게 더 중요하다고 본다 부디 살아서 돌아와서 푸틴암살 계획을 펼치길
P,멋지다 ~~~^^살아서 돌아오시길 기원합니다
P,왜 가만히 있는냐고 밀어붙인사람들 때문에 간거? 하여튼 사람들이 문제다
P,멋지고 용감하고 살아서 돌아와서 아가리파이터들 전부 아가리 털어버려줘
P,와...진짜 멋지네요 어서 빨리 전쟁이 끝나길 기도합니다
P,계획대로 잘 하시고 몸건강히 귀국하길 바랍니다
N,ㅋㅋㅋㅋㅋㅋㅋㅋㅋ
N,SNS에 안올리고 다녀왔으면 어느정도 인정했을것.
N,가세연에 또 올라오겠네
P,노빠꾸 상남자
P,몸소 보여주는 행동..멋지네요..부디 무사귀한하시길...주둥이로만 떠드는 정치인들 보다 백만배 멋집니다...
P,졸라 멋찌네.
N,그 용기에는 경의를 표하고 싶은데 소문내지 말고 진행햇으면 자신의 행동이 어떤 후과를 가져올지
N,이근 이사람아... 당신이 용병이야? 대한민국은 전시상태다......누가누굴돕니 진짜어이가없네...국방부나정부에서 지원허가가떨어졌을때나 파병나가는게자랑스럽고용감한거지 지금당신의행동은 나라의근간을흔드는행동이라는거 잊지마라.. 중립국의의미조차모르고 돈과팔로워만쫒는당신이 대한민국국민으로서 창피하다
N,장담하건데 백프로 생쇼다 지가 우크라 전장으로 들어간다고?ㅋㅋ 개가 웃겠다
N,영웅놀이하냐? 맨뒤에서후방지원할거면서 조용히갔다오면 알아줄거를 나대네ㅋㅋ
N,멋있네 근데 가서 뭐할려고 푸틴 목이라도 따게? 계란으로 바위를 어떻게 깨려고?? 영웅 흉내 내지말고 부디 안전히 돌아오길
N,영철아 707은 주둥이 군인 이더냐?! ㅋㅋㅋ
N,무모하다.. 법은 지키자
P,멋진분~~~ 꼬옥 무사히 돌사오시길 빕니다~
P,개 멋있네..
P,아가리는 털어도 실행으로 옮김 개쩌네 ㄷㄷ 무사귀환 하시길
N,이게 멋있다니 정싱머리 이상한 애들 많네.... 이건 국가에 해를 입히는거다. 저게 성인이 할짓인가? 돌아오지마라. 니가 한거 나라가 책임지게 하지마라
N,뇌까지 근육이네
P,맨날 유감만 표하는 정부보다는 백번 났습니다
P,아가리파이터들과는 근본이 다르네~멋지게 수행하시고 무사귀환하세요~
P,이근대위님 무사귀환 하세요
P,딴건 몰라도 이건 좀 멋있다.
N,잡힐바얀 죽음을당해라
N,뭘 하는지 구체적인게 없네.
P,여행과 전쟁참전은 다르다. 정부는 각성해라. 목숨을 건 당신ᆢ꼭 살아서 돌아오길ᆢ
N,바보짓지이만 살아오세여
P,진짜 남자다
P,눈치나보면서 모른척하는 정부가 저런 영웅을 처벌한다는게 말이되냐...국민들이 당신을 응원합니다
N,형법 제111조는 어디감..?
N,이러나저러나 대단한 관종임은 분명한듯 ㅎ
N,저 쑈를 또 믿고들 있네?
N,유난떨지말고 가서 유투브 찍으면 정말 디진다
P,켄 리 멋있다. 복수국적이니 괜찮다. 가서 푸틴의 러시아군들 뚜껑 좀따고 돌아와라. 한국의 공산주의 친러시아 좌파들이 막는다고 군인으로서 해야할 일을 저버리지 않는 켄 리 당신은 진정한 ROCKSEAL이다
N,이미지 세탁 오지네
N,가서 영영 돌아오지 말길
N,러시아 공수부대원 10명 목따고 장렬히 싸우고 전사하라!이상!
N,키보드 워리어들에게 등 떠밀려 사지로 떠나게 된건 아닌지 걱정스럽고 안타깝네요.
N,공명심에 눈이어두워 불법행위하는거냐
N,그렇게 진심이면 조용히 갔다오던지. 굳이 온 뉴스 떠들썩하게..아 정말 싫다.
P,결과로 보여줘~ 진짜 사나이~
N,변태 ㅋㅋ
N,ㅋㅋㅋ
P,멋지다 입만 터는 것들보다.
P,지들한테피해준것도아니고 몰려가서인신공격하고 조롱하고... 한심한인간들 지들이가서싸우지 왜남에귀한아들한테 목술걸고 싸우래냐 그런당신들이야말로 루저들이다
N,조용히 가야지 뭔 쌩쇼를하는지
N,출국 동기가 의심 스럽습니다
P,"말도 많고 탈도 많았지만, 옳은 일을 위해 이렇게 직접 행동한다는건 대단한거다"
N,갈려면 조용히 갔다오지 동네방네 광고를 하네 ㅡㅡㅋ
N,불법으로갔으니 돌아오지않아도된다 우크라이나 머슴으로 쭉~말뚝밖아라
P,"꼭 살아돌아오길 바랍니다. 이제 남의 나라 이야기가 아닌 우리나라, 우리국민 이야기가 되었네요. 이기는 전쟁이되길.."
P,대단하다. 무사귀환 바란다.
P,이근~멋지다. 상남자네.누구도못하는
N,니가 가서 죽든 고문당하든 한국과 이제 상관없는일이다 생각은 잼민이같네
N,우리나라 살인자들 저기로 보내라. 전쟁은 합법적으로 살인을 할 수 있는 최고의 기회다.
N,"맨손으로 싸울순없자나, PX에서 10만원주고 총한자루 사서 가."
P,신념과 이상을 향해서 목숨을 걸었다 전투 안해도 좋으니 무사히 돌아오길
P,응원합니다...아무나 할 수 있는 일이 아니예요
P,진짜사나이다…! 이런건 좀 보고 배웁시다.
P,저두 가겠다고 했다가 마눌님한테 죽는줄~근이형 퐈이팅요~존경스럽습니다^^
P,진짜 군인을 위해 태어난 사람같다
P,탁상공론만 하고 앉아노는 정치인들보다 훨 낫고 멋지구만~~이근 화이팅요~~ 꼭 살아서 돌아 오시길~~
P,정부는 러시아와의 관계가 있으니 대외적으로는 금지하는 모습을 외교적으로 보여주고 실제로는 사후에 면책이나 사면해주면 됨
P,진짜 용기가 대단합니다 목숨걸고 전쟁터를 간다는게 쉽지 않았을텐데요 꼭 팀원전원 살아서 돌아오시길~~ 화이팅 하세요~~ 응원합니다~
N,그냥 돌아온다에 한표 이유는 현지상황상 어쩌고저쩌고어그로만 끌게 분명하다
P,살아서 돌아와라
N,옳은 일을 위해선 법을 어겨도 괜찮다는 것을 잘 알게 되었습니다.
P,급이 다르네요..와 ~~~꼭 살아돌아오시길..
N,"아이고~ 이게 뭔!!!겜인줄아나!!!un도 개입못하는판국에 우크라이나 출신도아니고,부모님이 우크라이나분들도아닌데! 거기가서 러시아군인 쏴죽인들 누가 잘했다할지..생각이있는건지없는건지 에효..."
N,거긴 총 맞아 죽는데가 아니고 포 맞아 죽는덴데...
N,UDT들중 멀쩡한애 없다던 SSU 출신이 했던 말이 생각나네 ㅋㅋㅋ
P,이왕 갔으니 용감하게 싸우시고 무사귀환하세요🙏
N,솔직히 못 믿겠다 영웅놀이 하는듯한 생각이든다
P,건강한 모습으로 다시 글 올려 주십시오..
N,대위 타이틀떼라!!! 뭔 아직도 대위?! 🐕 웃겨!!!
N,전쟁광들 모여라 하는구만. 가야할때랑 기다려야 할때 가려야지
N,나대지마라
N,영웅인척ㄴㄴ
N,모르게 가던가 .... 어차피 바로 돌아올꺼아냐?
P,내 상상이상이다..꼭 살아돌아오세요
P,와..진짜 개멋있다....진짜 존경합니다
N,싸우는게 아니고 전투 훈련 도와주러 가는거 겠지 거긴 민간인도 총들고 싸우는 상황이니까
P,당신의선택에응원합니다…
P,키보드 워리어들 보단백배 낫지 굿굿
N,같이 간 애들은 백수야? 직업없이 저렇게 간단니 생활에 여유가 있나보네 좋겟다
P,인생의 패배자들이 악플달고 모함할때 꿋꿋하게 자신의 신념을 지키는 사람이네요.. 진짜 방구석 여포 악플러들은 반성이라는것도 모르고 아직도 악플쓰던대 ㅠ
N,여러분 죽을수도있습니다 러시아가 무지막지 하거든요
P,남자다
P,푸틴이 계산하지 못한 또 한가지 실수. 세계 의용군.
N,"여행금지국가 많이들 가더라.... 그때가 아프간이었나??? 샘*교회에서 나랏돈 많이 쓰게하고, 돌아오면서 면세점 쇼핑도하고, 국가에다 빨리 안구해졌다고 손해배상청구도 했었지"
P,와 ..진짜 멋있다..
N,"나라법이 더 중요하다 ,자기나라법어기고 남의나라 도우러간다니 어이없다. 법을 이리대놓고 어겨도 되는거냐옳은일하는데 누가 끌어내리는것과 이런행동이 뭔 상관이냐 불법행위라면 하지마라!!"
P,이근이 욕할수없을것같다ㅡ죽을수도 있는데 ㅡ용기가 존경스럽다ㅠ 지지한다.
N,푸틴이 참견하는국가 가만안둔다고 했는데... 이근때문에 태한민국가 러시아 전쟁나면 대배이다
P,와 대단하다 그 용기가 그 마음이
P,전쟁터에 팀꾸려서 가다니..진짜 사나이..
N,가서 반성하고 죗값을 치르길 ㅎㅎ사기꾼 늠 ㅎㅎ
P,이근 대위와 같이 가신 분들 모두 건강하게 귀국하시길 진심으로 바랍니다.
N,관상
P,부디 건강히 잘 돌아와주세요.
N,관종이네 ㅋㅋ 니가 가서 할수 있는게 뭔데??
N,갈거면 조용히 갔다와라 떠벌리지말고 .. 갔다와서 또 방송이며 유투브도 하지말고.. 프틴 목따오면 인정
N,괜히 법이 있는 게 아니다.
P,이근대위 꼭 살아돌아 오세요.기다릴게요.
P,당신의 선택을 존중합니다. 전쟁은 생사가 공존합니다. 지옥을 경험 할지도 모릅니다. 살아서 돌아 오십시오.
P,응원합니다. 이근대위님 용기와 실행력..
N,이사람들이 정신이 있나없나 가뜩이나 푸틴이 돕는나라 있으면 핵쓰겠다고 그러는데 당신들 객기에 우리나라가 핵사용 뽄베기 국가가 되면 어쩔려고 그러냐 갈려면 국적 버리고가서 도와라
P,아갈파이터 빨갱이들이랑 질이다르다~~~
N,진짜 제대로 갔는지는 모르겠다.. ㅋㅋ
P,유튭 컨텐츠 뽑으러 간거아니라면 멋찌다
N,멋있기는 개뿔! 얘는 늘 범법행동을하더라 벌금또 생긴겠네! 국가에서 하지말라고한 행동은 꼭 하더라 심하게 관종병인듯!
P,이근 멋지다 자랑 스럽다 꼭 성공해서 돌아오길 건투를 빈다
P,무식한 댓글들 이해할수가없네ㅡㅡ관종이라고 다 전쟁터까지 갑니까? 니들은 죽어도 못할 정말 어려운일을 하는사람들에게 이러지들 말자요.
P,다시 보게 되네
P,다른게 다 가짜라도 저건 진짜다 인정!!!
P,꼭 살아서 귀환하라~~~~♡
N,딸근?
P,푸틴모가지따와라
P,진짜사나이
P,진짜 멋지십니다.
N,사람으로서는 멋지지만 나라와 헌법이 있고 국제적 마찰이 생길 수 있다.
P,응원합니다.~ 그래선데 그 크림반도 쳐들어가서 거기 핵시설 장악하는것이.. ㅋㅋㅋ
P,묵묵히 자신의 길을 가는 사람들이 있다. 그런 사람들 때문에 세상이 진보하고 빛이 난다. 건투와 무사귀환울 빕니다~~~~~
N,이런애들이 가야 도움이되지 ~^ 장하다
N,정말 옳은 일을 위해서 갔겠냐 ..... 솔직히 의심히 든다 .....만약 진실로 옳은 일을 간거라면 백배 천배 사과한다 ..... 하지만 본인의 구설수 덮기위한 행동으로 보이는것도 사실이다 ..... 이왕 가신거 한국 군인의 강함을 보여주시길 바란다 ....
P,SEAL은 멘탈이 키보드랑 악알희로 먹고사는 애들하고 다른차원임.
P,와...전과 올리시고 꼭 살아 돌아 오시길!! ^^ 명분 있고 옳은 일에 용맹을 보이시니 대단하십니다 👍 👍 👍 👍 👍
P,무사히만 돌아와주세요!
P,그래 가서 탱크 몇대 전투기 몇대 추락시키고와라....
N,관종이네 갈거면 비밀리에 조용히 가서 돕던가? 목적이 머지?
N,진짜 전쟁 참여하러가는줄 아네
P,ㅠㅠ 꼭 살아서 돌아오세요 !!!
P,이재명이 아주 싫어하겠군
N,개입안하는데 이유가 있지 미국정부 한국정부가 몰라서 가만히 있겠나? 가서 일이나 키우지 마시길
P,무사트가 알게 모르게 교전지역 용병으로 자원해서 참전한적 많음
P,"이근이 진짜사나이고, 강철부대 놈들은 가짜사나이다"
P,무사귀환을 기원합니다!
N,"대단함, 유튜브 영상 올리는 관종쇼까지는 하지 말자"
P,707 영철님 보고계십니까??
P,푸틴 대갈통들고와라
P,진짜 사나이닷!!
N,쇼맨쉽~!!! ㅋㅋㅋ
N,군인 정신은 멋지지만 너무 위험하네요혹시라도 외교적인 문제로 번질까 걱정도 됩니다 우선은 같이 간 팀원들과 무사히 부상없이 돌아오세요
P,힘들었나...이제 그만!! 꼭 살아 돌아오길 바랍니다
N,ㅎㅎㅎ 니도 참
P,대한민국을 대표해서 간다는 말은 하지 마시고 개인적 사명을 가지고 간다고 하세요. 꼭 살아서 돌아오길 바라겠습니다.
P,"우크라이나라는 먼 타국을 위한 당신과 ROKSEAL의 행동에 진정한 경의를 표하며, 여러분들의 활동을 진심으로 응원합니다. 대한민국의 국격을 높이고 자랑스럽조력하는 여러분들은 과연 진정한 애국자요, 침공에 맞선 진정한 세계시민입니다. 부디, 아니 반드시, 살아서 돌아오십시오. 살아서 국민들에게 여러분들의 숭고하고 빛나는 영웅담을 들려주십시오! 그대들의 영광스런 행동에 진심이란 존경을 표하는 바입니다."
P,살아서 와라
N,관종 죽어가며후회할듯
N,댓글 보니 그나물에 그밥이다.
P,"나라님도 눈치보며 못하는일을 하셨네요! 존경합니다. 건강히 돌아오세요, 돌아오실때는 이나라가 많이 바뀌어있을겁니다!"
N,이건 좀 오바인듯
N,진짜 우크라이나 간거 맞음? 확실함?
P,이런거로 처벌하면 문제가있는거지
P,무사귀환...
N,나대지마
P,대통령이 이재명으로 당선당하면 저렇게 처벌무릎쓰고 다녀오는 의용군들 가중처벌할듯. 러시아 자극한 우크라이나가 잘못했다고 말한 이재명이니까
P,갈것 같더라 ㅎㅎㅎㅎ 무사 귀환 하세요!
P,가세연 쓰레기 때문에 고생 많이 했을텐데...ㅜㅜ살아서 오세요..
N,전투지원 이라면 진짜멋진사나이고 병참지원이라면 약간 보여주기식 아닐까요
P,조용히 무사히 다녀오길
P,와 ......
N,음~~~글쎄~~~ 글쎄~~~ 처벌을 논하는 자체보단 뭔가 이해적인 부분이 어렵다.
P,잘다녀와. 건강히.
N,제2의 샘물교회사건이 될까봐 걱정이네 본인 행동에 반드시 책임을지고 부디 한국의 세금과 외교력을 낭비하는 일은 만들지 마시길 바랍니다
N,쫌!
N,어그로 끌지말고 그냥 조용히 다녀오세요. 용기는 지지하며 무사귀환 기원합니다.
P,누가 전쟁터에 목숨걸고 지원해서 갈수있겟나 ᆢ용기!
P,특전사 출신 문가놈도 죽기 전에 처음이자 마지막으로 옳은 짓 좀해라.
P,적에게 굽실거리는 무능한 국가는 국민을 지키지 못합니다. 의용군대장 만세! 다녀와서 독도지킴이가 되어주세요~ 윤석열은 지지합니다~
N,니들이전쟁이 얼마나무서운줄아니 ? 그걸 몰라서 가는줄아니 ?방구석에서 베그나 하니 우습게보이지 ? 이근대위는 우리 나라의 자랑입니다 !꼭 생존하시고 용기내서 가신거 댓가에 굴복하지 마시길 !
P,푸틴 제거하면 …..
N,걱정마~~~그래도 윤석열 찍을거니까~~~너네는 세계 사기꾼 윤미향으로 다 끝났어
N,생각이 없는거지.
P,함내요~^^
P,이야 머찌다 유튜브한답시고 아가리만 터는 인간들이랑 급이 다르네요 다시 보았습니다
P,목숨도 걸린 어려운 결정이다 잘되서 돌아와도 힘든 고행길이다 키보드워리어들 이번엔 좀 봐줘라 전에 이런저런 구설수는 죽일정도까지는 아니잖냐 자기가 배운기술과 정의를 위해 간건데 그럴사람 많지 않다 우리나라 군인의 위상을 널리 알리고 무사히 귀환하길 바랍니다 굿럭 !
P,응원합니다. 꼭 살아서 돌아오십시오.당신은 진정한 군인 입니다.
N,갈거면 조용히 가지 왜 인스타 사진은 올리고 가는거냐
N,나라전쟁에 허락없이 참전해도 되는거임?
N,이왕 출국한거 큰성과올리고 살아돌아오길 바랍니다 단 언론에 절대노출않되길 바랍니다 전쟁후 러시아에 우리가 보복당할수 있습니다
P,꼭 살아 돌아 오셔야 합니다!!!
P,이놈 졸라 멋지네ㅎ 그래 너가 옳아..화이팅이다
P,쉽지않은 선택이였을 텐데용기에 박수를 보냅니다 꼭 팀전원 살아돌아오길 기원합니다 응원할게요!!
P,이근 멋지다…
N,여긴 대테러가 아니라 전쟁인데... 미사일이랑 포가 날라오는데... 아무튼 무사하시길 빕니다
P,꼭 살아돌아오시길…
P,살아서돌아온다면 처벌 받게다는말이 감동이내요부디 다시볼수있기를 바람니다
P,멋지다.지켜주고 살아서 돌아오길 필승 단결 충성
P,와… 몇몇 사건으로 안좋게만 봤던게 사실인데. 이 기사보고 다시봤습니다. 속으로는 마음먹어도 저렇게 실천할 수 있는 사람이 몇이나 될까요? 당신의 용기에 경의를 표합니다. 무사히 돌아오시길 바라요.
P,누구도 못하는 멋있네..역시 이근위네
P,키보드 워리어나 말로 떠드는 사람들보다 백배는 멋집니다… 국위선양하시고 꼭 건강한 모습으로 한국에 돌아오시길 바랍니다~
P,아 정말 피가 끓는다 멋지다 이근대위 평화의 수호자 꼭 승리하고 오십시오 필승
P,실전을 경험해야 진정한 군인이다
N,관심종자들 기사 올리지 마라.
P,이근이 대통령하자
P,응원합니다
P,이왕 간거 대한민국 특수부대의 의용을 보여주길
N,갈거면 조용히가던가관종 관심받고 유튜브수익얻으려고 ㅉㅉ
P,정의로운 선택에 존경을 표합니다. 무사히 돌아오십시오. 밝게 웃는 얼굴로 돌아오십시오!
N,우크 입국 10만에 사망기사나올것같다ㅡㅡ
P,영철아~ 너는 안 가냐?
P,나라를.대신해.고맙네. 사지육신.건강하게. 살아서. 돌아오길.
N,법대로 사는 사람들 보면 거의 다 양아치 수준
N,우크라 미녀들 많지
N,일마 우크라까지 가서 성추행하면 나라망신이다
N,어느총 쏘러 가는거냐?
N,미련한 애다.우크라국민들은 1주일에 100만명이상이 피난가는상황에서 넌 뭐한다고 죽음의ㅇ길을 가니? 못났다.
P,말만 하는 인간은 아니네 살아서 위상을 전하라
P,이근 1000킬만 하고 꼭 살아서 와라
P,대단합니다. 임무 무사히 마치고 돌아오세요
N,그냥사기꾼
P,이걸 처벌하면 대한민국 쓰레기
P,결단력 하나만큼은 존중받아 마땅하다
P,푸틴 모가지따서 폼나게 꼭 오세요 화이팅~~
N,돈은 갚아주고 출국하는거가?
N,이미지 클린의 기회라 생각했겠군. 대의를 위해서 행동하는 영웅은 아니고. . .그냥 본인의 입신양명을 위해서겠지만 머리+결단력 좋은건 인정.
P,쉽지않은 일.. 대단하긴하네
P,"정치인들도다가치보내라,이근대위한명보다못한더불어정치인들"
P,꼭 무사히 돌아와주세요 기도할게요
N,후방에서 유튜브 조회수나 빨고올거 같은데
P,참 의인..멋지다..
P,처벌하지마세요.용감한상을 주지못할망정!!
N,진짜 하지말란건 좀 하지마라 그러다 죽으면 나라탓할거같은데?
N,이근 용기있는행동은좋으나대한민국법테두리안에서행동하시길바람니다!!어차피행동한거팀원들과꼭살아서조국의로돌아오길바람니다!!
P,이근대위에게 책임물으면 민원겁나 넣는다ㅡㅡ
P,당신의 무사귀환을 기도합니다.꼭 봐요.화이팅~!
P,"더 중요한 가치가 있기때문에 목숨걸고 가는겁니다. 정부한테 책임지라고 한것도 아니고 자기목숨 내걸고 옳은일을 하기위해 용기내신분인데 ,본인스스로 판단을 존중해주는것이 맞지않나요? 우크라이나를 위해서 정부가 못하는 일을 우리 국민 스스로가 해주고 있네요 . 자랑스럽습니다. 꼭 살아돌아오시길 기원합니다. 법은 최소한이여야 한다고 들었습니다. 목숨을 내걸고 본인이 판단하였다면, 벌을 주기보다는 응원하고 묵묵히 지원해줘야 하는게 맞다고 생각합니다. 우크라이나를 돕는일은 옳은 일이니까요"
P,람보.
N,이것도 기회라고 보는 사람이 있고... 세상 참 말세다.
N,이건 멋있는건 좀 아닌거 같아요.
N,행동으로 실천하든 말든 그게 중요한게 아니고 금지국가로 지정했는데 그걸 어기고 가냐?? 관심종자냐뭐냐
N,총으로 사람은 죽여 봤는지? 전투중 당신이 죽인 사람은 어떤명분 인지? 결코 애국이 라는 말은 사용 하지 말길...
N,얘 튀었네 수사받을까봐ㅋ
P,관종인가 싶다가도 어떤관종이 목숨 걸고 관종짓 하겠냐. 부디 모든 팀원이 살아서 무사귀환하시길.
N,우크라이나 여성분들 조심해라
P,진짜 남자다 욕허지들 마셔
P,나도 가고싶다! 가게해줘!
P,아가리만 놀려대는 의원님들과는 차원이다르네
N,잘 모르겠다.
P,가서 외국인용병지원하면 레전드고 걍방송키고 입만나불대다오면 관종인증
N,근데 확실히 관종급인거 같긴 함..
P,사나이
P,이근씨. 무사히 돌아오십시오. 작은 힘이지만 당신을 응원합니다.
P,오 이건 좀 멋있네
P,갈것같았는데 진짜갔네
P,행운이 함께하길 빕니다.
P,대단하시네요모두 무사히 귀국할수있기를 바랍니다.
N,개껄깝떨지말고 울진 산불이나 끄러 가라 유튜브방송거리 생겨서 쌩쑈허짐말고 ..너땜에 애먼 대한민국구민 다치면..? 어쩔거야?
P,우크라 미녀 보러 간거 아니고? ㅋㅋ
N,쇼
N,이해가 안되네..... 일단 저건 위법인데... 왜이렇게 사람들이 응원하지..? 범법행위인데...... 도움을 주고 싶다면 무기 살돈을 지원해줘야지
P,고맙습니다!! 죽지말고 살아 돌아와요!! 대한민국 인재!!!!
N,이건 오바다 일개 개인신분으로 간다고 뭐할수있겠냐?
N,대위? 능력도 안되는게 관종이네
N,조용이갔다오지
P,우리는 그의 자유를 침해할 권리가 없습니다. 처벌은 국가에서 하는 것. 그저 총알이 그들을 피해가길 바랍니다.
N,갔다오면 몸값이 뛸걸 확신했기에 저렇게 하는거임. 가서 무엇을 했는지 확인해보면 암
P,이근대위 꼭 멸공하고 돌아와요~~~
P,의용군에 국제법상 전쟁포로가 아닌 형사처벌을 한다는 러시아는 국제법을 들먹일 자격이 없는 전범국이다. 무식한 것이 어디서 법을 들먹이나... 범법가족 윤가처럼..
P,이건 잘했다!!꼭 많은 사람들 살리고 무사히 돌아오기를 응원한다!!
P,무사히 돌아오세요...
N,뭔가 보여주기식 하는것 같은데....이 난리리통에 가만히 있어주는게 도와주는 거다...
N,세상에나..;;; 아무일없기를ㄷㄷㄷ
P,나도가고싶네 멋지네 살아돌아오길
N,열심히 싸우다 장렬히 전사하길 바란다
P,우리정부도 그냥 모른체 넘어갑시다 정부가 발벗고 도와주지는 못할망정 순수한 의용군을 처벌하는건 안됩니다 이근대위 지지합니다
P,나는 의용군 모집한다는 소식에 상상만으로도 무섭던데.대단하네. 부디 무사귀환. 킬 욕심 내지말고 승리하시길
N,생각이 없구나~ 자네가 무슨 도움이 될까 싶다
P,우크라를 위해 뭔가를 하고싶어도 못하는 저로써는 굉장히 심장뛰는일이네요. 어려운 상황속에서 나중에 불이익을 감수하면서까지 옳다고생각하는일을 실천하는것자체가 존경받아마땅합니다.
N,전쟁으로 도움을 갈려고 더욱 바보처럼 되으세여..상남자아닙니다..유감하네요..음모대하여 잘모겠구나요..
N,가서 러시아 공수부대 한 100명만 죽이고 너도 장렬하게 산화해라.
N,비행기가 우크라이나 상공은 못 들어가는데 옆나라에서 들어가야하는데 우크라이나로 검문소에서 들여 보내주나??? 궁금하구만????
N,산불이나 도우세여ㅜ
N,ㅋㅋ100% 어그로다. 우크라로 가는건 맞겠지만
P,이런분이 차기 대통감이다
P,이근 캡틴 무슨이유던간에 당신을 존경합니다.목숨 걸고 떠난 이근 캡틴 기억합니다
N,국방부랑 소송중인 돈이나 빨리 갚아라. 혈세 교육비 먹튀한 인간이 우크라이나가서 오지랖은...
P,이대위 화이팅! 살아돌아오라!
N,풉....
P,와ㅣ 진짜 멋진남자시네ㅡㅡ 실아서봅시다
P,우크라이나대사관 통하면 자원입대 가능하다고 들었는데... 아무튼 이근 정도면 전역했어도 준프로인데 러시아놈들 혼쭐 날듯